{
  "fallback": "minecraft:empty",
  "elements": [
    {
      "weight": 2,
      "element": {
        "element_type": "minecraft:single_pool_element",
        "location": "cavernous:village/stone/buildings/medium_house",
        "projection": "rigid",
        "processors": "cavernous:stone_village"
      }
    },
    {
      "weight": 2,
      "element": {
        "element_type": "minecraft:single_pool_element",
        "location": "cavernous:village/stone/buildings/small_house",
        "projection": "rigid",
        "processors": "cavernous:stone_village"
      }
    }
  ]
}