{
  "name": "cavernous:dungeon",
  "fallback": "minecraft:empty",
  "elements": [
    {
      "weight": 2,
      "element": {
        "element_type": "minecraft:single_pool_element",
        "location": "cavernous:dungeon/main_room_zombie",
        "projection": "rigid",
        "processors": "cavernous:dungeon"
      }
    },
    {
      "weight": 2,
      "element": {
        "element_type": "minecraft:single_pool_element",
        "location": "cavernous:dungeon/main_room_skeleton",
        "projection": "rigid",
        "processors": "cavernous:dungeon"
      }
    },
    {
      "weight": 1,
      "element": {
        "element_type": "minecraft:single_pool_element",
        "location": "cavernous:dungeon/main_room_spider",
        "projection": "rigid",
        "processors": "cavernous:dungeon"
      }
    }
  ]
}