{
	"type": "minecraft:entity",
	"pools": [
		{
			"rolls": 1,
			"bonus_rolls": 0,
			"entries": [
				{
					"type": "minecraft:item",
					"name": "minecraft:arrow",
					"functions": [
						{
							"function": "minecraft:set_count",
							"count": {
								"type": "minecraft:uniform",
								"min": 0,
								"max": 2
							},
							"add": false
						},
						{
							"function": "minecraft:looting_enchant",
							"count": {
								"type": "minecraft:uniform",
								"min": 0,
								"max": 1
							}
						}
					]
				}
			]
		},
		{
			"rolls": 1,
			"bonus_rolls": 0,
			"entries": [
				{
					"type": "minecraft:item",
					"name": "minecraft:bone",
					"functions": [
						{
							"function": "minecraft:set_count",
							"count": {
								"type": "minecraft:uniform",
								"min": 0,
								"max": 2
							},
							"add": false
						},
						{
							"function": "minecraft:looting_enchant",
							"count": {
								"type": "minecraft:uniform",
								"min": 0,
								"max": 1
							}
						}
					]
				}
			]
		},
		{
			"rolls": 1,
			"entries": [
				{
					"type": "minecraft:item",
					"name": "minecraft:tipped_arrow",
					"functions": [
						{
							"function": "minecraft:set_nbt",
							"tag": "{Potion:\"minecraft:poison\",CustomPotionEffects:[{Id:19,Duration:800}]}"
						},
						{
							"function": "minecraft:set_count",
							"count": {
								"min": 0,
								"max": 2
							}
						}
					],
					"conditions": [
						{
							"condition": "minecraft:entity_properties",
							"entity": "this",
							"predicate": {
								"nbt": "{Tags:[\"mossclad\"]}"
							}
						}
					]
				}
			]
		},
		{
			"rolls": 1,
			"entries": [
				{
					"type": "minecraft:item",
					"name": "minecraft:moss_block",
					"functions": [
						{
							"function": "minecraft:set_count",
							"count": {
								"min": 1,
								"max": 2
							}
						}
					],
					"conditions": [
						{
							"condition": "minecraft:entity_properties",
							"entity": "this",
							"predicate": {
								"nbt": "{Tags:[\"mossclad\"]}"
							}
						}
					]
				}
			]
		}
	],
	"random_sequence": "minecraft:entities/skeleton"
}
