{
	"type": "minecraft:jigsaw",
	"biomes": "#cavernous:has_structure/thermal_plant",
	"step": "top_layer_modification",
	"spawn_overrides": {
		"ambient": {
			"bounding_box": "full",
			"spawns": []
		},
		"axolotls": {
			"bounding_box": "full",
			"spawns": []
		},
		"creature": {
			"bounding_box": "full",
			"spawns": []
		},
		"misc": {
			"bounding_box": "full",
			"spawns": []
		},
		"monster": {
			"bounding_box": "full",
			"spawns": []
		},
		"underground_water_creature": {
			"bounding_box": "full",
			"spawns": []
		},
		"water_ambient": {
			"bounding_box": "full",
			"spawns": []
		},
		"water_creature": {
			"bounding_box": "full",
			"spawns": []
		}
	},
	"terrain_adaptation": "beard_box",
	"start_pool": "cavernous:thermal_plant",
	"size": 1,
	"start_height": {
		"type": "minecraft:uniform",
		"min_inclusive": {
			"above_bottom": 12
		},
		"max_inclusive": {
			"above_bottom": 24
		}
	},
	"max_distance_from_center": 80,
	"use_expansion_hack": false
}
